,Date,Consumption,Tallinn,Tartu,Narva,Pärnu,Kohtla-Järve,Viljandi,Maardu,Rakvere,Saaremaa,Sillamäe,Valga,Võru,Jõhvi,Keila,Others
0,2022-01-01,21.970176861485978,10.64,2.22,1.3,0.96,0.81,0.41,0.37,0.36,0.31,0.3,0.29,0.28,0.26,0.24,3.21
1,2022-01-02,29.272855342617664,14.18,2.96,1.73,1.28,1.08,0.55,0.49,0.48,0.42,0.4,0.39,0.37,0.34,0.33,4.28
2,2022-01-03,28.593003308432888,13.85,2.89,1.69,1.25,1.06,0.53,0.48,0.47,0.41,0.39,0.38,0.36,0.33,0.32,4.18
3,2022-01-04,20.20391075064207,9.78,2.04,1.19,0.88,0.75,0.38,0.34,0.33,0.29,0.27,0.27,0.26,0.24,0.22,2.95
4,2022-01-05,28.643021298500788,13.87,2.89,1.69,1.25,1.06,0.53,0.48,0.47,0.41,0.39,0.38,0.36,0.33,0.32,4.19
5,2022-01-06,34.601048320845194,16.76,3.49,2.04,1.51,1.28,0.65,0.58,0.57,0.49,0.47,0.46,0.44,0.4,0.39,5.06
6,2022-01-07,23.3670450360469,11.32,2.36,1.38,1.02,0.86,0.44,0.39,0.39,0.33,0.32,0.31,0.3,0.27,0.26,3.42
7,2022-01-08,28.630631651684244,13.87,2.89,1.69,1.25,1.06,0.53,0.48,0.47,0.41,0.39,0.38,0.36,0.33,0.32,4.19
8,2022-01-09,29.109429317250566,14.1,2.94,1.72,1.27,1.08,0.54,0.49,0.48,0.42,0.39,0.39,0.37,0.34,0.32,4.26
9,2022-01-10,24.520308276293886,11.87,2.48,1.45,1.07,0.91,0.46,0.41,0.41,0.35,0.33,0.33,0.31,0.29,0.27,3.59
10,2022-01-11,33.78394755465403,16.36,3.41,1.99,1.48,1.25,0.63,0.57,0.56,0.48,0.46,0.45,0.43,0.39,0.38,4.94
11,2022-01-12,31.265375930556,15.14,3.16,1.85,1.37,1.16,0.58,0.53,0.52,0.45,0.42,0.42,0.4,0.36,0.35,4.57
12,2022-01-13,33.98048412508197,16.46,3.43,2.01,1.49,1.26,0.63,0.57,0.56,0.49,0.46,0.45,0.43,0.4,0.38,4.97
13,2022-01-14,26.96174688873185,13.06,2.72,1.59,1.18,1.0,0.5,0.46,0.45,0.39,0.36,0.36,0.34,0.31,0.3,3.94
14,2022-01-15,32.09671575935075,15.54,3.24,1.89,1.4,1.19,0.6,0.54,0.53,0.46,0.43,0.43,0.41,0.37,0.36,4.69
15,2022-01-16,29.76023058750168,14.41,3.01,1.76,1.3,1.1,0.55,0.5,0.49,0.43,0.4,0.4,0.38,0.35,0.33,4.35
16,2022-01-17,22.76820230941829,11.03,2.3,1.34,1.0,0.84,0.42,0.38,0.38,0.33,0.31,0.3,0.29,0.27,0.25,3.33
17,2022-01-18,22.26001244107951,10.78,2.25,1.31,0.97,0.82,0.42,0.38,0.37,0.32,0.3,0.3,0.28,0.26,0.25,3.26
18,2022-01-19,30.221963001159114,14.64,3.05,1.78,1.32,1.12,0.56,0.51,0.5,0.43,0.41,0.4,0.39,0.35,0.34,4.42
19,2022-01-20,22.50795396323248,10.9,2.27,1.33,0.98,0.83,0.42,0.38,0.37,0.32,0.3,0.3,0.29,0.26,0.25,3.29
20,2022-01-21,36.664982767587546,17.76,3.7,2.16,1.6,1.36,0.68,0.62,0.61,0.52,0.5,0.49,0.47,0.43,0.41,5.36
21,2022-01-22,19.76753005824974,9.57,2.0,1.17,0.86,0.73,0.37,0.33,0.33,0.28,0.27,0.26,0.25,0.23,0.22,2.89
22,2022-01-23,30.31844593048967,14.68,3.06,1.79,1.33,1.12,0.57,0.51,0.5,0.43,0.41,0.4,0.39,0.35,0.34,4.43
23,2022-01-24,33.5799951149218,16.26,3.39,1.98,1.47,1.24,0.63,0.57,0.56,0.48,0.45,0.45,0.43,0.39,0.37,4.91
24,2022-01-25,29.54591717435167,14.31,2.98,1.74,1.29,1.09,0.55,0.5,0.49,0.42,0.4,0.39,0.38,0.34,0.33,4.32
25,2022-01-26,28.37572296137343,13.74,2.87,1.67,1.24,1.05,0.53,0.48,0.47,0.41,0.38,0.38,0.36,0.33,0.32,4.15
26,2022-01-27,20.56821802449978,9.96,2.08,1.21,0.9,0.76,0.38,0.35,0.34,0.29,0.28,0.27,0.26,0.24,0.23,3.01
27,2022-01-28,28.56052868156936,13.83,2.88,1.69,1.25,1.06,0.53,0.48,0.47,0.41,0.39,0.38,0.36,0.33,0.32,4.18
28,2022-01-29,23.496226482532357,11.38,2.37,1.39,1.03,0.87,0.44,0.4,0.39,0.34,0.32,0.31,0.3,0.27,0.26,3.44
29,2022-01-30,25.41636591857901,12.31,2.57,1.5,1.11,0.94,0.47,0.43,0.42,0.36,0.34,0.34,0.32,0.3,0.28,3.72
30,2022-01-31,33.188004161279764,16.07,3.35,1.96,1.45,1.23,0.62,0.56,0.55,0.47,0.45,0.44,0.42,0.39,0.37,4.85
31,2022-02-01,36.2957989974249,17.58,3.67,2.14,1.59,1.34,0.68,0.61,0.6,0.52,0.49,0.48,0.46,0.42,0.4,5.31
32,2022-02-02,22.547622743371996,10.92,2.28,1.33,0.99,0.83,0.42,0.38,0.37,0.32,0.3,0.3,0.29,0.26,0.25,3.3
33,2022-02-03,22.4687965382265,10.88,2.27,1.33,0.98,0.83,0.42,0.38,0.37,0.32,0.3,0.3,0.29,0.26,0.25,3.29
34,2022-02-04,35.64143961020214,17.26,3.6,2.1,1.56,1.32,0.66,0.6,0.59,0.51,0.48,0.47,0.45,0.42,0.4,5.21
35,2022-02-05,27.640274654628335,13.39,2.79,1.63,1.21,1.02,0.52,0.47,0.46,0.39,0.37,0.37,0.35,0.32,0.31,4.04
36,2022-02-06,30.444509602661917,14.74,3.07,1.8,1.33,1.13,0.57,0.51,0.5,0.43,0.41,0.4,0.39,0.35,0.34,4.45
37,2022-02-07,21.128312654064874,10.23,2.13,1.25,0.92,0.78,0.39,0.36,0.35,0.3,0.29,0.28,0.27,0.25,0.24,3.09
38,2022-02-08,20.176517763336758,9.77,2.04,1.19,0.88,0.75,0.38,0.34,0.33,0.29,0.27,0.27,0.26,0.23,0.22,2.95
39,2022-02-09,27.943460663173344,13.53,2.82,1.65,1.22,1.03,0.52,0.47,0.46,0.4,0.38,0.37,0.36,0.33,0.31,4.09
40,2022-02-10,19.819826691497,9.6,2.0,1.17,0.87,0.73,0.37,0.33,0.33,0.28,0.27,0.26,0.25,0.23,0.22,2.9
41,2022-02-11,32.71279116318978,15.84,3.3,1.93,1.43,1.21,0.61,0.55,0.54,0.47,0.44,0.44,0.42,0.38,0.36,4.78
42,2022-02-12,34.58335449946964,16.75,3.49,2.04,1.51,1.28,0.64,0.58,0.57,0.49,0.47,0.46,0.44,0.4,0.39,5.06
43,2022-02-13,20.122227951763772,9.74,2.03,1.19,0.88,0.74,0.38,0.34,0.33,0.29,0.27,0.27,0.26,0.23,0.22,2.94
44,2022-02-14,19.787995900604255,9.58,2.0,1.17,0.87,0.73,0.37,0.33,0.33,0.28,0.27,0.26,0.25,0.23,0.22,2.89
45,2022-02-15,27.405122531117637,13.27,2.77,1.62,1.2,1.01,0.51,0.46,0.45,0.39,0.37,0.36,0.35,0.32,0.31,4.01
46,2022-02-16,34.54595597142865,16.73,3.49,2.04,1.51,1.28,0.64,0.58,0.57,0.49,0.47,0.46,0.44,0.4,0.38,5.05
47,2022-02-17,27.963863527988394,13.54,2.82,1.65,1.22,1.03,0.52,0.47,0.46,0.4,0.38,0.37,0.36,0.33,0.31,4.09
48,2022-02-18,31.122157608285455,15.07,3.14,1.84,1.36,1.15,0.58,0.53,0.52,0.44,0.42,0.41,0.4,0.36,0.35,4.55
49,2022-02-19,25.695099033691168,12.44,2.59,1.52,1.12,0.95,0.48,0.43,0.43,0.37,0.35,0.34,0.33,0.3,0.29,3.76
50,2022-02-20,27.991610175897797,13.56,2.83,1.65,1.22,1.04,0.52,0.47,0.46,0.4,0.38,0.37,0.36,0.33,0.31,4.09
51,2022-02-21,29.548481821627135,14.31,2.98,1.74,1.29,1.09,0.55,0.5,0.49,0.42,0.4,0.39,0.38,0.34,0.33,4.32
52,2022-02-22,35.45101394075908,17.17,3.58,2.09,1.55,1.31,0.66,0.6,0.59,0.51,0.48,0.47,0.45,0.41,0.39,5.18
53,2022-02-23,31.214150786018585,15.12,3.15,1.84,1.37,1.16,0.58,0.53,0.52,0.45,0.42,0.42,0.4,0.36,0.35,4.57
54,2022-02-24,34.86220733978553,16.88,3.52,2.06,1.53,1.29,0.65,0.59,0.58,0.5,0.47,0.46,0.44,0.41,0.39,5.1
55,2022-02-25,23.573841091752602,11.42,2.38,1.39,1.03,0.87,0.44,0.4,0.39,0.34,0.32,0.31,0.3,0.27,0.26,3.45
56,2022-02-26,34.72080030259875,16.81,3.51,2.05,1.52,1.28,0.65,0.59,0.57,0.5,0.47,0.46,0.44,0.4,0.39,5.08
57,2022-02-27,35.250606872937475,17.07,3.56,2.08,1.54,1.3,0.66,0.6,0.58,0.5,0.48,0.47,0.45,0.41,0.39,5.16
58,2022-02-28,36.342159562496526,17.6,3.67,2.14,1.59,1.34,0.68,0.61,0.6,0.52,0.49,0.48,0.46,0.42,0.4,5.31
59,2022-03-01,32.08014898416389,15.54,3.24,1.89,1.4,1.19,0.6,0.54,0.53,0.46,0.43,0.43,0.41,0.37,0.36,4.69
60,2022-03-02,32.810027884855124,15.89,3.31,1.94,1.44,1.21,0.61,0.55,0.54,0.47,0.44,0.44,0.42,0.38,0.37,4.8
61,2022-03-03,20.19015208434286,9.78,2.04,1.19,0.88,0.75,0.38,0.34,0.33,0.29,0.27,0.27,0.26,0.24,0.22,2.95
62,2022-03-04,28.455538797800372,13.78,2.87,1.68,1.25,1.05,0.53,0.48,0.47,0.41,0.38,0.38,0.36,0.33,0.32,4.16
63,2022-03-05,25.52165390396717,12.36,2.58,1.51,1.12,0.94,0.48,0.43,0.42,0.36,0.34,0.34,0.33,0.3,0.28,3.73
64,2022-03-06,21.074416109954164,10.21,2.13,1.24,0.92,0.78,0.39,0.36,0.35,0.3,0.28,0.28,0.27,0.25,0.23,3.08
65,2022-03-07,28.74000326909149,13.92,2.9,1.7,1.26,1.06,0.54,0.49,0.48,0.41,0.39,0.38,0.37,0.33,0.32,4.2
66,2022-03-08,17.905470117686132,8.67,1.81,1.06,0.78,0.66,0.33,0.3,0.3,0.26,0.24,0.24,0.23,0.21,0.2,2.62
67,2022-03-09,25.751801989219455,12.47,2.6,1.52,1.13,0.95,0.48,0.43,0.43,0.37,0.35,0.34,0.33,0.3,0.29,3.77
68,2022-03-10,22.77397191672244,11.03,2.3,1.34,1.0,0.84,0.42,0.38,0.38,0.33,0.31,0.3,0.29,0.27,0.25,3.33
69,2022-03-11,34.858479650193026,16.88,3.52,2.06,1.53,1.29,0.65,0.59,0.58,0.5,0.47,0.46,0.44,0.41,0.39,5.1
70,2022-03-12,18.51397924393756,8.97,1.87,1.09,0.81,0.69,0.35,0.31,0.31,0.26,0.25,0.25,0.24,0.22,0.21,2.71
71,2022-03-13,27.59194856247402,13.36,2.79,1.63,1.21,1.02,0.51,0.47,0.46,0.39,0.37,0.37,0.35,0.32,0.31,4.04
72,2022-03-14,30.239910685557696,14.64,3.05,1.78,1.32,1.12,0.56,0.51,0.5,0.43,0.41,0.4,0.39,0.35,0.34,4.42
73,2022-03-15,33.22897558779459,16.09,3.36,1.96,1.45,1.23,0.62,0.56,0.55,0.47,0.45,0.44,0.42,0.39,0.37,4.86
74,2022-03-16,25.150119666847758,12.18,2.54,1.48,1.1,0.93,0.47,0.42,0.42,0.36,0.34,0.33,0.32,0.29,0.28,3.68
75,2022-03-17,25.753394356824053,12.47,2.6,1.52,1.13,0.95,0.48,0.43,0.43,0.37,0.35,0.34,0.33,0.3,0.29,3.77
76,2022-03-18,31.85337371335606,15.43,3.22,1.88,1.39,1.18,0.59,0.54,0.53,0.46,0.43,0.42,0.41,0.37,0.35,4.66
77,2022-03-19,20.997990712259433,10.17,2.12,1.24,0.92,0.78,0.39,0.35,0.35,0.3,0.28,0.28,0.27,0.24,0.23,3.07
78,2022-03-20,34.03867200277854,16.48,3.44,2.01,1.49,1.26,0.63,0.57,0.56,0.49,0.46,0.45,0.43,0.4,0.38,4.98
79,2022-03-21,26.676772018287117,12.92,2.69,1.57,1.17,0.99,0.5,0.45,0.44,0.38,0.36,0.35,0.34,0.31,0.3,3.9
80,2022-03-22,23.050080075485155,11.16,2.33,1.36,1.01,0.85,0.43,0.39,0.38,0.33,0.31,0.31,0.29,0.27,0.26,3.37
81,2022-03-23,23.46520890469208,11.36,2.37,1.38,1.03,0.87,0.44,0.4,0.39,0.34,0.32,0.31,0.3,0.27,0.26,3.43
82,2022-03-24,32.25916004587274,15.62,3.26,1.9,1.41,1.19,0.6,0.54,0.53,0.46,0.44,0.43,0.41,0.38,0.36,4.72
83,2022-03-25,20.046162754961518,9.71,2.02,1.18,0.88,0.74,0.37,0.34,0.33,0.29,0.27,0.27,0.26,0.23,0.22,2.93
84,2022-03-26,32.80336076552884,15.89,3.31,1.94,1.44,1.21,0.61,0.55,0.54,0.47,0.44,0.44,0.42,0.38,0.37,4.8
85,2022-03-27,32.91258490858437,15.94,3.32,1.94,1.44,1.22,0.61,0.56,0.54,0.47,0.44,0.44,0.42,0.38,0.37,4.81
86,2022-03-28,21.431365390658023,10.38,2.16,1.26,0.94,0.79,0.4,0.36,0.35,0.31,0.29,0.29,0.27,0.25,0.24,3.13
87,2022-03-29,29.719678395509046,14.39,3.0,1.75,1.3,1.1,0.55,0.5,0.49,0.42,0.4,0.4,0.38,0.35,0.33,4.35
88,2022-03-30,24.515251670806176,11.87,2.48,1.45,1.07,0.91,0.46,0.41,0.41,0.35,0.33,0.33,0.31,0.29,0.27,3.59
89,2022-03-31,19.590345829789,9.49,1.98,1.16,0.86,0.73,0.37,0.33,0.32,0.28,0.26,0.26,0.25,0.23,0.22,2.87
90,2022-04-01,28.637944681544788,13.87,2.89,1.69,1.25,1.06,0.53,0.48,0.47,0.41,0.39,0.38,0.36,0.33,0.32,4.19
91,2022-04-02,18.950241102556074,9.18,1.91,1.12,0.83,0.7,0.35,0.32,0.31,0.27,0.26,0.25,0.24,0.22,0.21,2.77
92,2022-04-03,16.844117135991954,8.16,1.7,0.99,0.74,0.62,0.31,0.28,0.28,0.24,0.23,0.22,0.21,0.2,0.19,2.46
93,2022-04-04,20.719163252933694,10.03,2.09,1.22,0.91,0.77,0.39,0.35,0.34,0.3,0.28,0.28,0.26,0.24,0.23,3.03
94,2022-04-05,17.46626525363802,8.46,1.76,1.03,0.76,0.65,0.33,0.29,0.29,0.25,0.24,0.23,0.22,0.2,0.19,2.55
95,2022-04-06,21.392455496770726,10.36,2.16,1.26,0.94,0.79,0.4,0.36,0.35,0.31,0.29,0.28,0.27,0.25,0.24,3.13
96,2022-04-07,26.66263069002029,12.91,2.69,1.57,1.17,0.99,0.5,0.45,0.44,0.38,0.36,0.35,0.34,0.31,0.3,3.9
97,2022-04-08,31.387653049443305,15.2,3.17,1.85,1.37,1.16,0.59,0.53,0.52,0.45,0.42,0.42,0.4,0.37,0.35,4.59
98,2022-04-09,17.267425056011554,8.36,1.74,1.02,0.76,0.64,0.32,0.29,0.29,0.25,0.23,0.23,0.22,0.2,0.19,2.53
99,2022-04-10,28.527056713645614,13.81,2.88,1.68,1.25,1.06,0.53,0.48,0.47,0.41,0.39,0.38,0.36,0.33,0.32,4.17
100,2022-04-11,28.357027022567088,13.73,2.86,1.67,1.24,1.05,0.53,0.48,0.47,0.41,0.38,0.38,0.36,0.33,0.32,4.15
101,2022-04-12,29.826228315914403,14.44,3.01,1.76,1.31,1.1,0.56,0.5,0.49,0.43,0.4,0.4,0.38,0.35,0.33,4.36
102,2022-04-13,24.914845254401232,12.07,2.52,1.47,1.09,0.92,0.46,0.42,0.41,0.36,0.34,0.33,0.32,0.29,0.28,3.64
103,2022-04-14,30.364005405955634,14.7,3.07,1.79,1.33,1.12,0.57,0.51,0.5,0.43,0.41,0.4,0.39,0.35,0.34,4.44
104,2022-04-15,17.974635391257028,8.7,1.82,1.06,0.79,0.67,0.34,0.3,0.3,0.26,0.24,0.24,0.23,0.21,0.2,2.63
105,2022-04-16,25.39204234036979,12.3,2.56,1.5,1.11,0.94,0.47,0.43,0.42,0.36,0.34,0.34,0.32,0.3,0.28,3.71
106,2022-04-17,17.487543369039166,8.47,1.77,1.03,0.77,0.65,0.33,0.3,0.29,0.25,0.24,0.23,0.22,0.2,0.19,2.56
107,2022-04-18,17.375072267634206,8.41,1.75,1.03,0.76,0.64,0.32,0.29,0.29,0.25,0.23,0.23,0.22,0.2,0.19,2.54
108,2022-04-19,17.02917385326109,8.25,1.72,1.01,0.75,0.63,0.32,0.29,0.28,0.24,0.23,0.23,0.22,0.2,0.19,2.49
109,2022-04-20,32.20802365937972,15.6,3.25,1.9,1.41,1.19,0.6,0.54,0.53,0.46,0.44,0.43,0.41,0.38,0.36,4.71
110,2022-04-21,21.850762139038242,10.58,2.21,1.29,0.96,0.81,0.41,0.37,0.36,0.31,0.3,0.29,0.28,0.25,0.24,3.2
111,2022-04-22,30.57895196678823,14.81,3.09,1.8,1.34,1.13,0.57,0.52,0.51,0.44,0.41,0.41,0.39,0.36,0.34,4.47
112,2022-04-23,20.028759045589304,9.7,2.02,1.18,0.88,0.74,0.37,0.34,0.33,0.29,0.27,0.27,0.26,0.23,0.22,2.93
113,2022-04-24,29.37090555219837,14.22,2.97,1.73,1.29,1.09,0.55,0.5,0.49,0.42,0.4,0.39,0.37,0.34,0.33,4.3
114,2022-04-25,26.21308541033242,12.69,2.65,1.55,1.15,0.97,0.49,0.44,0.43,0.37,0.35,0.35,0.33,0.31,0.29,3.83
115,2022-04-26,17.857034463144544,8.65,1.8,1.05,0.78,0.66,0.33,0.3,0.3,0.26,0.24,0.24,0.23,0.21,0.2,2.61
116,2022-04-27,18.358432416226837,8.89,1.85,1.08,0.8,0.68,0.34,0.31,0.3,0.26,0.25,0.24,0.23,0.21,0.2,2.68
117,2022-04-28,18.112166953014565,8.77,1.83,1.07,0.79,0.67,0.34,0.31,0.3,0.26,0.24,0.24,0.23,0.21,0.2,2.65
118,2022-04-29,25.485253971960137,12.34,2.57,1.5,1.12,0.94,0.48,0.43,0.42,0.36,0.34,0.34,0.32,0.3,0.28,3.73
119,2022-04-30,22.361098769372063,10.83,2.26,1.32,0.98,0.83,0.42,0.38,0.37,0.32,0.3,0.3,0.28,0.26,0.25,3.27
120,2022-05-01,25.348661859756564,12.28,2.56,1.5,1.11,0.94,0.47,0.43,0.42,0.36,0.34,0.34,0.32,0.3,0.28,3.71
121,2022-05-02,24.542827499666988,11.89,2.48,1.45,1.07,0.91,0.46,0.41,0.41,0.35,0.33,0.33,0.31,0.29,0.27,3.59
122,2022-05-03,16.278333791864085,7.88,1.64,0.96,0.71,0.6,0.3,0.27,0.27,0.23,0.22,0.22,0.21,0.19,0.18,2.38
123,2022-05-04,16.49153992323072,7.99,1.67,0.97,0.72,0.61,0.31,0.28,0.27,0.24,0.22,0.22,0.21,0.19,0.18,2.41
124,2022-05-05,19.514622478268894,9.45,1.97,1.15,0.85,0.72,0.36,0.33,0.32,0.28,0.26,0.26,0.25,0.23,0.22,2.85
125,2022-05-06,17.996021100682153,8.72,1.82,1.06,0.79,0.67,0.34,0.3,0.3,0.26,0.24,0.24,0.23,0.21,0.2,2.63
126,2022-05-07,23.319090933231088,11.29,2.35,1.38,1.02,0.86,0.43,0.39,0.39,0.33,0.32,0.31,0.3,0.27,0.26,3.41
127,2022-05-08,24.076645829941278,11.66,2.43,1.42,1.05,0.89,0.45,0.41,0.4,0.34,0.33,0.32,0.31,0.28,0.27,3.52
128,2022-05-09,14.804818662936034,7.17,1.5,0.87,0.65,0.55,0.28,0.25,0.25,0.21,0.2,0.2,0.19,0.17,0.16,2.17
129,2022-05-10,26.451331968361966,12.81,2.67,1.56,1.16,0.98,0.49,0.45,0.44,0.38,0.36,0.35,0.34,0.31,0.29,3.87
130,2022-05-11,26.703187509243335,12.93,2.7,1.58,1.17,0.99,0.5,0.45,0.44,0.38,0.36,0.36,0.34,0.31,0.3,3.91
131,2022-05-12,25.154040808311407,12.18,2.54,1.48,1.1,0.93,0.47,0.42,0.42,0.36,0.34,0.33,0.32,0.29,0.28,3.68
132,2022-05-13,24.90809427571741,12.06,2.52,1.47,1.09,0.92,0.46,0.42,0.41,0.36,0.34,0.33,0.32,0.29,0.28,3.64
133,2022-05-14,18.36610183327968,8.89,1.85,1.08,0.8,0.68,0.34,0.31,0.3,0.26,0.25,0.24,0.23,0.21,0.2,2.69
134,2022-05-15,15.473699892400859,7.49,1.56,0.91,0.68,0.57,0.29,0.26,0.26,0.22,0.21,0.21,0.2,0.18,0.17,2.26
135,2022-05-16,27.660700778224278,13.4,2.79,1.63,1.21,1.02,0.52,0.47,0.46,0.4,0.37,0.37,0.35,0.32,0.31,4.05
136,2022-05-17,20.14607182178868,9.76,2.03,1.19,0.88,0.75,0.38,0.34,0.33,0.29,0.27,0.27,0.26,0.23,0.22,2.95
137,2022-05-18,24.702604320602102,11.96,2.49,1.46,1.08,0.91,0.46,0.42,0.41,0.35,0.33,0.33,0.31,0.29,0.28,3.61
138,2022-05-19,26.987762092868465,13.07,2.73,1.59,1.18,1.0,0.5,0.46,0.45,0.39,0.36,0.36,0.34,0.31,0.3,3.95
139,2022-05-20,16.51253943205721,8.0,1.67,0.97,0.72,0.61,0.31,0.28,0.27,0.24,0.22,0.22,0.21,0.19,0.18,2.41
140,2022-05-21,15.068598173112887,7.3,1.52,0.89,0.66,0.56,0.28,0.25,0.25,0.22,0.2,0.2,0.19,0.18,0.17,2.2
141,2022-05-22,24.54333041327327,11.89,2.48,1.45,1.07,0.91,0.46,0.41,0.41,0.35,0.33,0.33,0.31,0.29,0.27,3.59
142,2022-05-23,28.985057640238445,14.04,2.93,1.71,1.27,1.07,0.54,0.49,0.48,0.41,0.39,0.39,0.37,0.34,0.32,4.24
143,2022-05-24,19.264845025189544,9.33,1.95,1.14,0.84,0.71,0.36,0.33,0.32,0.28,0.26,0.26,0.25,0.22,0.21,2.82
144,2022-05-25,15.623847089807011,7.57,1.58,0.92,0.68,0.58,0.29,0.26,0.26,0.22,0.21,0.21,0.2,0.18,0.17,2.28
145,2022-05-26,23.733318936347022,11.49,2.4,1.4,1.04,0.88,0.44,0.4,0.39,0.34,0.32,0.32,0.3,0.28,0.26,3.47
146,2022-05-27,23.233017954269933,11.25,2.35,1.37,1.02,0.86,0.43,0.39,0.38,0.33,0.31,0.31,0.3,0.27,0.26,3.4
147,2022-05-28,17.277341296592652,8.37,1.74,1.02,0.76,0.64,0.32,0.29,0.29,0.25,0.23,0.23,0.22,0.2,0.19,2.53
148,2022-05-29,15.797472737702696,7.65,1.6,0.93,0.69,0.58,0.29,0.27,0.26,0.23,0.21,0.21,0.2,0.18,0.18,2.31
149,2022-05-30,15.389301538519467,7.45,1.55,0.91,0.67,0.57,0.29,0.26,0.25,0.22,0.21,0.2,0.2,0.18,0.17,2.25
150,2022-05-31,28.645172382513884,13.87,2.89,1.69,1.25,1.06,0.53,0.48,0.47,0.41,0.39,0.38,0.36,0.33,0.32,4.19
151,2022-06-01,23.78929068927365,11.52,2.4,1.4,1.04,0.88,0.44,0.4,0.39,0.34,0.32,0.32,0.3,0.28,0.26,3.48
152,2022-06-02,18.440858158290514,8.93,1.86,1.09,0.81,0.68,0.34,0.31,0.31,0.26,0.25,0.25,0.23,0.21,0.21,2.7
153,2022-06-03,23.686828159756924,11.47,2.39,1.4,1.04,0.88,0.44,0.4,0.39,0.34,0.32,0.32,0.3,0.28,0.26,3.46
154,2022-06-04,23.60335781480267,11.43,2.38,1.39,1.03,0.87,0.44,0.4,0.39,0.34,0.32,0.31,0.3,0.27,0.26,3.45
155,2022-06-05,15.685968307710171,7.6,1.58,0.93,0.69,0.58,0.29,0.26,0.26,0.22,0.21,0.21,0.2,0.18,0.17,2.29
156,2022-06-06,18.767963932678313,9.09,1.9,1.11,0.82,0.69,0.35,0.32,0.31,0.27,0.25,0.25,0.24,0.22,0.21,2.74
157,2022-06-07,18.841377723321294,9.12,1.9,1.11,0.82,0.7,0.35,0.32,0.31,0.27,0.25,0.25,0.24,0.22,0.21,2.76
158,2022-06-08,17.873436871212487,8.66,1.8,1.05,0.78,0.66,0.33,0.3,0.3,0.26,0.24,0.24,0.23,0.21,0.2,2.61
159,2022-06-09,25.281027205751897,12.24,2.55,1.49,1.11,0.94,0.47,0.43,0.42,0.36,0.34,0.34,0.32,0.29,0.28,3.7
160,2022-06-10,22.741798955659053,11.01,2.3,1.34,1.0,0.84,0.42,0.38,0.38,0.32,0.31,0.3,0.29,0.26,0.25,3.33
161,2022-06-11,25.165538646795117,12.19,2.54,1.49,1.1,0.93,0.47,0.42,0.42,0.36,0.34,0.33,0.32,0.29,0.28,3.68
162,2022-06-12,22.706915480904595,11.0,2.29,1.34,0.99,0.84,0.42,0.38,0.38,0.32,0.31,0.3,0.29,0.26,0.25,3.32
163,2022-06-13,14.86168185944823,7.2,1.5,0.88,0.65,0.55,0.28,0.25,0.25,0.21,0.2,0.2,0.19,0.17,0.17,2.17
164,2022-06-14,16.579787828005202,8.03,1.67,0.98,0.73,0.61,0.31,0.28,0.27,0.24,0.22,0.22,0.21,0.19,0.18,2.42
165,2022-06-15,25.686252073541088,12.44,2.59,1.52,1.12,0.95,0.48,0.43,0.43,0.37,0.35,0.34,0.33,0.3,0.29,3.76
166,2022-06-16,14.030954281487036,6.79,1.42,0.83,0.61,0.52,0.26,0.24,0.23,0.2,0.19,0.19,0.18,0.16,0.16,2.05
167,2022-06-17,19.08050555697656,9.24,1.93,1.13,0.83,0.71,0.36,0.32,0.32,0.27,0.26,0.25,0.24,0.22,0.21,2.79
168,2022-06-18,17.537845362888454,8.49,1.77,1.04,0.77,0.65,0.33,0.3,0.29,0.25,0.24,0.23,0.22,0.2,0.2,2.56
169,2022-06-19,14.234324118398671,6.89,1.44,0.84,0.62,0.53,0.27,0.24,0.24,0.2,0.19,0.19,0.18,0.17,0.16,2.08
170,2022-06-20,14.864601640740153,7.2,1.5,0.88,0.65,0.55,0.28,0.25,0.25,0.21,0.2,0.2,0.19,0.17,0.17,2.17
171,2022-06-21,14.191400975107275,6.87,1.43,0.84,0.62,0.53,0.26,0.24,0.23,0.2,0.19,0.19,0.18,0.17,0.16,2.08
172,2022-06-22,18.336823129681186,8.88,1.85,1.08,0.8,0.68,0.34,0.31,0.3,0.26,0.25,0.24,0.23,0.21,0.2,2.68
173,2022-06-23,17.36605888482867,8.41,1.75,1.02,0.76,0.64,0.32,0.29,0.29,0.25,0.23,0.23,0.22,0.2,0.19,2.54
174,2022-06-24,25.823840170321635,12.51,2.61,1.52,1.13,0.96,0.48,0.44,0.43,0.37,0.35,0.34,0.33,0.3,0.29,3.78
175,2022-06-25,24.076375406534865,11.66,2.43,1.42,1.05,0.89,0.45,0.41,0.4,0.34,0.33,0.32,0.31,0.28,0.27,3.52
176,2022-06-26,23.046711043596705,11.16,2.33,1.36,1.01,0.85,0.43,0.39,0.38,0.33,0.31,0.31,0.29,0.27,0.26,3.37
177,2022-06-27,22.433833152605633,10.86,2.27,1.32,0.98,0.83,0.42,0.38,0.37,0.32,0.3,0.3,0.29,0.26,0.25,3.28
178,2022-06-28,22.434248965116645,10.86,2.27,1.32,0.98,0.83,0.42,0.38,0.37,0.32,0.3,0.3,0.29,0.26,0.25,3.28
179,2022-06-29,17.641561401273233,8.54,1.78,1.04,0.77,0.65,0.33,0.3,0.29,0.25,0.24,0.23,0.22,0.21,0.2,2.58
180,2022-06-30,17.188832203292193,8.32,1.74,1.01,0.75,0.64,0.32,0.29,0.28,0.25,0.23,0.23,0.22,0.2,0.19,2.51
181,2022-07-01,26.217776817858997,12.7,2.65,1.55,1.15,0.97,0.49,0.44,0.43,0.37,0.35,0.35,0.33,0.31,0.29,3.83
182,2022-07-02,20.862742087739825,10.1,2.11,1.23,0.91,0.77,0.39,0.35,0.35,0.3,0.28,0.28,0.27,0.24,0.23,3.05
183,2022-07-03,22.033383307918424,10.67,2.23,1.3,0.96,0.82,0.41,0.37,0.36,0.31,0.3,0.29,0.28,0.26,0.25,3.22
184,2022-07-04,22.26168912485496,10.78,2.25,1.31,0.97,0.82,0.42,0.38,0.37,0.32,0.3,0.3,0.28,0.26,0.25,3.26
185,2022-07-05,24.080289301464873,11.66,2.43,1.42,1.05,0.89,0.45,0.41,0.4,0.34,0.33,0.32,0.31,0.28,0.27,3.52
186,2022-07-06,15.004812280640694,7.27,1.52,0.89,0.66,0.56,0.28,0.25,0.25,0.21,0.2,0.2,0.19,0.17,0.17,2.19
187,2022-07-07,15.856492656549602,7.68,1.6,0.94,0.69,0.59,0.3,0.27,0.26,0.23,0.21,0.21,0.2,0.18,0.18,2.32
188,2022-07-08,19.21700732704492,9.31,1.94,1.13,0.84,0.71,0.36,0.32,0.32,0.27,0.26,0.26,0.24,0.22,0.21,2.81
189,2022-07-09,15.067001068411138,7.3,1.52,0.89,0.66,0.56,0.28,0.25,0.25,0.22,0.2,0.2,0.19,0.18,0.17,2.2
190,2022-07-10,17.619513751769727,8.53,1.78,1.04,0.77,0.65,0.33,0.3,0.29,0.25,0.24,0.23,0.22,0.21,0.2,2.58
191,2022-07-11,13.79346973846243,6.68,1.39,0.81,0.6,0.51,0.26,0.23,0.23,0.2,0.19,0.18,0.18,0.16,0.15,2.02
192,2022-07-12,21.950882774850832,10.63,2.22,1.3,0.96,0.81,0.41,0.37,0.36,0.31,0.3,0.29,0.28,0.26,0.24,3.21
193,2022-07-13,23.460908202051034,11.36,2.37,1.38,1.03,0.87,0.44,0.4,0.39,0.34,0.32,0.31,0.3,0.27,0.26,3.43
194,2022-07-14,17.854006998463174,8.65,1.8,1.05,0.78,0.66,0.33,0.3,0.3,0.26,0.24,0.24,0.23,0.21,0.2,2.61
195,2022-07-15,17.050055972300182,8.26,1.72,1.01,0.75,0.63,0.32,0.29,0.28,0.24,0.23,0.23,0.22,0.2,0.19,2.49
196,2022-07-16,22.08666450420066,10.7,2.23,1.3,0.97,0.82,0.41,0.37,0.37,0.32,0.3,0.29,0.28,0.26,0.25,3.23
197,2022-07-17,16.30339480859937,7.9,1.65,0.96,0.71,0.6,0.3,0.28,0.27,0.23,0.22,0.22,0.21,0.19,0.18,2.38
198,2022-07-18,21.980647417615568,10.64,2.22,1.3,0.96,0.81,0.41,0.37,0.36,0.31,0.3,0.29,0.28,0.26,0.24,3.21
199,2022-07-19,24.20148190310641,11.72,2.44,1.43,1.06,0.9,0.45,0.41,0.4,0.35,0.33,0.32,0.31,0.28,0.27,3.54
200,2022-07-20,22.09565713071665,10.7,2.23,1.3,0.97,0.82,0.41,0.37,0.37,0.32,0.3,0.29,0.28,0.26,0.25,3.23
201,2022-07-21,16.49953972520862,7.99,1.67,0.97,0.72,0.61,0.31,0.28,0.27,0.24,0.22,0.22,0.21,0.19,0.18,2.41
202,2022-07-22,19.240753991752822,9.32,1.94,1.14,0.84,0.71,0.36,0.32,0.32,0.27,0.26,0.26,0.25,0.22,0.21,2.81
203,2022-07-23,23.822966598239734,11.54,2.41,1.41,1.04,0.88,0.44,0.4,0.39,0.34,0.32,0.32,0.3,0.28,0.27,3.48
204,2022-07-24,15.82096996299458,7.66,1.6,0.93,0.69,0.59,0.29,0.27,0.26,0.23,0.21,0.21,0.2,0.18,0.18,2.31
205,2022-07-25,14.06583426839862,6.81,1.42,0.83,0.62,0.52,0.26,0.24,0.23,0.2,0.19,0.19,0.18,0.16,0.16,2.06
206,2022-07-26,16.156471425027767,7.82,1.63,0.95,0.71,0.6,0.3,0.27,0.27,0.23,0.22,0.21,0.21,0.19,0.18,2.36
207,2022-07-27,14.318361018352084,6.93,1.45,0.85,0.63,0.53,0.27,0.24,0.24,0.2,0.19,0.19,0.18,0.17,0.16,2.09
208,2022-07-28,25.618911590607834,12.41,2.59,1.51,1.12,0.95,0.48,0.43,0.42,0.37,0.35,0.34,0.33,0.3,0.29,3.75
209,2022-07-29,20.56139455004578,9.96,2.08,1.21,0.9,0.76,0.38,0.35,0.34,0.29,0.28,0.27,0.26,0.24,0.23,3.01
210,2022-07-30,14.528132748602093,7.04,1.47,0.86,0.64,0.54,0.27,0.25,0.24,0.21,0.2,0.19,0.19,0.17,0.16,2.12
211,2022-07-31,23.368786946150585,11.32,2.36,1.38,1.02,0.86,0.44,0.39,0.39,0.33,0.32,0.31,0.3,0.27,0.26,3.42
212,2022-08-01,24.960226774536057,12.09,2.52,1.47,1.09,0.92,0.47,0.42,0.41,0.36,0.34,0.33,0.32,0.29,0.28,3.65
213,2022-08-02,23.12444104439533,11.2,2.34,1.36,1.01,0.86,0.43,0.39,0.38,0.33,0.31,0.31,0.29,0.27,0.26,3.38
214,2022-08-03,14.025292848547135,6.79,1.42,0.83,0.61,0.52,0.26,0.24,0.23,0.2,0.19,0.19,0.18,0.16,0.16,2.05
215,2022-08-04,26.524040362282463,12.84,2.68,1.57,1.16,0.98,0.49,0.45,0.44,0.38,0.36,0.35,0.34,0.31,0.3,3.88
216,2022-08-05,23.472571391710314,11.37,2.37,1.39,1.03,0.87,0.44,0.4,0.39,0.34,0.32,0.31,0.3,0.27,0.26,3.43
217,2022-08-06,18.31320949476257,8.87,1.85,1.08,0.8,0.68,0.34,0.31,0.3,0.26,0.25,0.24,0.23,0.21,0.2,2.68
218,2022-08-07,17.86509932002169,8.65,1.8,1.05,0.78,0.66,0.33,0.3,0.3,0.26,0.24,0.24,0.23,0.21,0.2,2.61
219,2022-08-08,21.243662843334196,10.29,2.15,1.25,0.93,0.79,0.4,0.36,0.35,0.3,0.29,0.28,0.27,0.25,0.24,3.11
220,2022-08-09,15.787544148076137,7.65,1.59,0.93,0.69,0.58,0.29,0.27,0.26,0.23,0.21,0.21,0.2,0.18,0.18,2.31
221,2022-08-10,24.794004787057762,12.01,2.5,1.46,1.08,0.92,0.46,0.42,0.41,0.35,0.34,0.33,0.32,0.29,0.28,3.63
222,2022-08-11,20.748775196830618,10.05,2.1,1.22,0.91,0.77,0.39,0.35,0.34,0.3,0.28,0.28,0.26,0.24,0.23,3.03
223,2022-08-12,17.400485554505913,8.43,1.76,1.03,0.76,0.64,0.32,0.29,0.29,0.25,0.24,0.23,0.22,0.2,0.19,2.54
224,2022-08-13,18.504186472107946,8.96,1.87,1.09,0.81,0.68,0.34,0.31,0.31,0.26,0.25,0.25,0.24,0.22,0.21,2.71
225,2022-08-14,24.48707064559573,11.86,2.47,1.45,1.07,0.91,0.46,0.41,0.41,0.35,0.33,0.33,0.31,0.29,0.27,3.58
226,2022-08-15,25.27150128005957,12.24,2.55,1.49,1.11,0.94,0.47,0.43,0.42,0.36,0.34,0.34,0.32,0.29,0.28,3.7
227,2022-08-16,14.54632166672324,7.04,1.47,0.86,0.64,0.54,0.27,0.25,0.24,0.21,0.2,0.19,0.19,0.17,0.16,2.13
228,2022-08-17,14.135140179333677,6.85,1.43,0.83,0.62,0.52,0.26,0.24,0.23,0.2,0.19,0.19,0.18,0.16,0.16,2.07
229,2022-08-18,26.29499801414007,12.73,2.66,1.55,1.15,0.97,0.49,0.44,0.44,0.38,0.36,0.35,0.34,0.31,0.29,3.85
230,2022-08-19,24.084845735098682,11.66,2.43,1.42,1.05,0.89,0.45,0.41,0.4,0.34,0.33,0.32,0.31,0.28,0.27,3.52
231,2022-08-20,25.077792205302014,12.14,2.53,1.48,1.1,0.93,0.47,0.42,0.42,0.36,0.34,0.33,0.32,0.29,0.28,3.67
232,2022-08-21,14.376705208431622,6.96,1.45,0.85,0.63,0.53,0.27,0.24,0.24,0.21,0.19,0.19,0.18,0.17,0.16,2.1
233,2022-08-22,25.05990133987384,12.14,2.53,1.48,1.1,0.93,0.47,0.42,0.41,0.36,0.34,0.33,0.32,0.29,0.28,3.66
234,2022-08-23,17.49857893315959,8.47,1.77,1.03,0.77,0.65,0.33,0.3,0.29,0.25,0.24,0.23,0.22,0.2,0.19,2.56
235,2022-08-24,25.594375328500934,12.39,2.58,1.51,1.12,0.95,0.48,0.43,0.42,0.37,0.35,0.34,0.33,0.3,0.28,3.74
236,2022-08-25,18.106834461718435,8.77,1.83,1.07,0.79,0.67,0.34,0.31,0.3,0.26,0.24,0.24,0.23,0.21,0.2,2.65
237,2022-08-26,21.190489268135888,10.26,2.14,1.25,0.93,0.78,0.4,0.36,0.35,0.3,0.29,0.28,0.27,0.25,0.24,3.1
238,2022-08-27,25.384355715522045,12.29,2.56,1.5,1.11,0.94,0.47,0.43,0.42,0.36,0.34,0.34,0.32,0.3,0.28,3.71
239,2022-08-28,15.218909007774627,7.37,1.54,0.9,0.67,0.56,0.28,0.26,0.25,0.22,0.21,0.2,0.19,0.18,0.17,2.23
240,2022-08-29,18.7320710590857,9.07,1.89,1.11,0.82,0.69,0.35,0.32,0.31,0.27,0.25,0.25,0.24,0.22,0.21,2.74
241,2022-08-30,13.614954602815555,6.59,1.37,0.8,0.6,0.5,0.25,0.23,0.23,0.19,0.18,0.18,0.17,0.16,0.15,1.99
242,2022-08-31,15.561615110560554,7.54,1.57,0.92,0.68,0.58,0.29,0.26,0.26,0.22,0.21,0.21,0.2,0.18,0.17,2.28
243,2022-09-01,18.376772889506753,8.9,1.86,1.08,0.8,0.68,0.34,0.31,0.3,0.26,0.25,0.24,0.23,0.21,0.2,2.69
244,2022-09-02,28.173912889537842,13.64,2.85,1.66,1.23,1.04,0.53,0.48,0.47,0.4,0.38,0.37,0.36,0.33,0.31,4.12
245,2022-09-03,14.99457162081704,7.26,1.51,0.89,0.66,0.55,0.28,0.25,0.25,0.21,0.2,0.2,0.19,0.17,0.17,2.19
246,2022-09-04,22.361599334850176,10.83,2.26,1.32,0.98,0.83,0.42,0.38,0.37,0.32,0.3,0.3,0.28,0.26,0.25,3.27
247,2022-09-05,19.970897278420917,9.67,2.02,1.18,0.87,0.74,0.37,0.34,0.33,0.29,0.27,0.27,0.25,0.23,0.22,2.92
248,2022-09-06,26.099386597477245,12.64,2.64,1.54,1.14,0.97,0.49,0.44,0.43,0.37,0.35,0.35,0.33,0.3,0.29,3.82
249,2022-09-07,18.885240024479877,9.15,1.91,1.11,0.83,0.7,0.35,0.32,0.31,0.27,0.26,0.25,0.24,0.22,0.21,2.76
250,2022-09-08,23.865344036407595,11.56,2.41,1.41,1.04,0.88,0.44,0.4,0.4,0.34,0.32,0.32,0.3,0.28,0.27,3.49
251,2022-09-09,25.560854061155577,12.38,2.58,1.51,1.12,0.95,0.48,0.43,0.42,0.37,0.35,0.34,0.33,0.3,0.28,3.74
252,2022-09-10,16.929062102793527,8.2,1.71,1.0,0.74,0.63,0.32,0.29,0.28,0.24,0.23,0.23,0.22,0.2,0.19,2.48
253,2022-09-11,14.84667956703599,7.19,1.5,0.88,0.65,0.55,0.28,0.25,0.25,0.21,0.2,0.2,0.19,0.17,0.17,2.17
254,2022-09-12,18.91446958808307,9.16,1.91,1.12,0.83,0.7,0.35,0.32,0.31,0.27,0.26,0.25,0.24,0.22,0.21,2.77
255,2022-09-13,19.05768046895631,9.23,1.92,1.12,0.83,0.71,0.36,0.32,0.32,0.27,0.26,0.25,0.24,0.22,0.21,2.79
256,2022-09-14,21.43584653571512,10.38,2.16,1.27,0.94,0.79,0.4,0.36,0.35,0.31,0.29,0.29,0.27,0.25,0.24,3.13
257,2022-09-15,25.422763363693804,12.31,2.57,1.5,1.11,0.94,0.47,0.43,0.42,0.36,0.34,0.34,0.32,0.3,0.28,3.72
258,2022-09-16,20.69762378343561,10.02,2.09,1.22,0.91,0.77,0.39,0.35,0.34,0.3,0.28,0.28,0.26,0.24,0.23,3.03
259,2022-09-17,24.606908023998578,11.92,2.48,1.45,1.08,0.91,0.46,0.42,0.41,0.35,0.33,0.33,0.31,0.29,0.27,3.6
260,2022-09-18,17.474821110609533,8.46,1.76,1.03,0.76,0.65,0.33,0.3,0.29,0.25,0.24,0.23,0.22,0.2,0.19,2.56
261,2022-09-19,18.71547214355529,9.06,1.89,1.1,0.82,0.69,0.35,0.32,0.31,0.27,0.25,0.25,0.24,0.22,0.21,2.74
262,2022-09-20,25.26837387312717,12.24,2.55,1.49,1.11,0.94,0.47,0.43,0.42,0.36,0.34,0.34,0.32,0.29,0.28,3.7
263,2022-09-21,20.554363484645148,9.95,2.08,1.21,0.9,0.76,0.38,0.35,0.34,0.29,0.28,0.27,0.26,0.24,0.23,3.01
264,2022-09-22,16.605244521386144,8.04,1.68,0.98,0.73,0.61,0.31,0.28,0.27,0.24,0.22,0.22,0.21,0.19,0.18,2.43
265,2022-09-23,21.705922375485773,10.51,2.19,1.28,0.95,0.8,0.4,0.37,0.36,0.31,0.29,0.29,0.28,0.25,0.24,3.17
266,2022-09-24,26.95214897639591,13.05,2.72,1.59,1.18,1.0,0.5,0.46,0.45,0.39,0.36,0.36,0.34,0.31,0.3,3.94
267,2022-09-25,26.527619870498704,12.85,2.68,1.57,1.16,0.98,0.49,0.45,0.44,0.38,0.36,0.35,0.34,0.31,0.3,3.88
268,2022-09-26,27.16168629294774,13.15,2.74,1.6,1.19,1.01,0.51,0.46,0.45,0.39,0.37,0.36,0.35,0.32,0.3,3.97
269,2022-09-27,24.688414361920355,11.96,2.49,1.46,1.08,0.91,0.46,0.42,0.41,0.35,0.33,0.33,0.31,0.29,0.27,3.61
270,2022-09-28,20.20495860311003,9.78,2.04,1.19,0.88,0.75,0.38,0.34,0.33,0.29,0.27,0.27,0.26,0.24,0.22,2.95
271,2022-09-29,19.12104818589379,9.26,1.93,1.13,0.84,0.71,0.36,0.32,0.32,0.27,0.26,0.25,0.24,0.22,0.21,2.8
272,2022-09-30,20.820314034059518,10.08,2.1,1.23,0.91,0.77,0.39,0.35,0.34,0.3,0.28,0.28,0.27,0.24,0.23,3.04
273,2022-10-01,21.890173192148776,10.6,2.21,1.29,0.96,0.81,0.41,0.37,0.36,0.31,0.3,0.29,0.28,0.25,0.24,3.2
274,2022-10-02,16.108962944709052,7.8,1.63,0.95,0.7,0.6,0.3,0.27,0.27,0.23,0.22,0.21,0.21,0.19,0.18,2.36
275,2022-10-03,17.692832601715203,8.57,1.79,1.04,0.77,0.65,0.33,0.3,0.29,0.25,0.24,0.24,0.23,0.21,0.2,2.59
276,2022-10-04,18.306068386770797,8.87,1.85,1.08,0.8,0.68,0.34,0.31,0.3,0.26,0.25,0.24,0.23,0.21,0.2,2.68
277,2022-10-05,25.9971872130508,12.59,2.63,1.53,1.14,0.96,0.48,0.44,0.43,0.37,0.35,0.35,0.33,0.3,0.29,3.8
278,2022-10-06,30.872075633031532,14.95,3.12,1.82,1.35,1.14,0.58,0.52,0.51,0.44,0.42,0.41,0.39,0.36,0.34,4.52
279,2022-10-07,31.012170760710568,15.02,3.13,1.83,1.36,1.15,0.58,0.52,0.51,0.44,0.42,0.41,0.4,0.36,0.35,4.54
280,2022-10-08,19.209884793278533,9.3,1.94,1.13,0.84,0.71,0.36,0.32,0.32,0.27,0.26,0.26,0.24,0.22,0.21,2.81
281,2022-10-09,25.617548443699263,12.41,2.59,1.51,1.12,0.95,0.48,0.43,0.42,0.37,0.35,0.34,0.33,0.3,0.29,3.75
282,2022-10-10,17.176324252320505,8.32,1.73,1.01,0.75,0.64,0.32,0.29,0.28,0.25,0.23,0.23,0.22,0.2,0.19,2.51
283,2022-10-11,31.45223247949981,15.23,3.18,1.86,1.38,1.16,0.59,0.53,0.52,0.45,0.42,0.42,0.4,0.37,0.35,4.6
284,2022-10-12,18.972085036343216,9.19,1.92,1.12,0.83,0.7,0.35,0.32,0.31,0.27,0.26,0.25,0.24,0.22,0.21,2.77
285,2022-10-13,31.28915737815104,15.15,3.16,1.85,1.37,1.16,0.58,0.53,0.52,0.45,0.42,0.42,0.4,0.36,0.35,4.58
286,2022-10-14,20.10307971714364,9.74,2.03,1.19,0.88,0.74,0.37,0.34,0.33,0.29,0.27,0.27,0.26,0.23,0.22,2.94
287,2022-10-15,20.75078350740469,10.05,2.1,1.22,0.91,0.77,0.39,0.35,0.34,0.3,0.28,0.28,0.26,0.24,0.23,3.03
288,2022-10-16,26.55220064952811,12.86,2.68,1.57,1.16,0.98,0.5,0.45,0.44,0.38,0.36,0.35,0.34,0.31,0.3,3.88
289,2022-10-17,17.825865205610402,8.63,1.8,1.05,0.78,0.66,0.33,0.3,0.3,0.25,0.24,0.24,0.23,0.21,0.2,2.61
290,2022-10-18,26.17888712522623,12.68,2.64,1.55,1.15,0.97,0.49,0.44,0.43,0.37,0.35,0.35,0.33,0.3,0.29,3.83
291,2022-10-19,24.37293921216111,11.8,2.46,1.44,1.07,0.9,0.45,0.41,0.4,0.35,0.33,0.32,0.31,0.28,0.27,3.56
292,2022-10-20,22.922904021546003,11.1,2.31,1.35,1.0,0.85,0.43,0.39,0.38,0.33,0.31,0.3,0.29,0.27,0.26,3.35
293,2022-10-21,23.52399204115537,11.39,2.38,1.39,1.03,0.87,0.44,0.4,0.39,0.34,0.32,0.31,0.3,0.27,0.26,3.44
294,2022-10-22,31.15423182822002,15.09,3.15,1.84,1.36,1.15,0.58,0.53,0.52,0.45,0.42,0.41,0.4,0.36,0.35,4.56
295,2022-10-23,23.97271938683954,11.61,2.42,1.41,1.05,0.89,0.45,0.4,0.4,0.34,0.32,0.32,0.31,0.28,0.27,3.51
296,2022-10-24,24.518982916934107,11.87,2.48,1.45,1.07,0.91,0.46,0.41,0.41,0.35,0.33,0.33,0.31,0.29,0.27,3.59
297,2022-10-25,20.870346598669414,10.11,2.11,1.23,0.91,0.77,0.39,0.35,0.35,0.3,0.28,0.28,0.27,0.24,0.23,3.05
298,2022-10-26,20.970396781003714,10.16,2.12,1.24,0.92,0.78,0.39,0.35,0.35,0.3,0.28,0.28,0.27,0.24,0.23,3.07
299,2022-10-27,23.997224300176892,11.62,2.42,1.42,1.05,0.89,0.45,0.41,0.4,0.34,0.32,0.32,0.31,0.28,0.27,3.51
300,2022-10-28,28.66511750692514,13.88,2.89,1.69,1.25,1.06,0.53,0.48,0.47,0.41,0.39,0.38,0.37,0.33,0.32,4.19
301,2022-10-29,17.404898023106643,8.43,1.76,1.03,0.76,0.64,0.32,0.29,0.29,0.25,0.24,0.23,0.22,0.2,0.19,2.55
302,2022-10-30,30.004744855566596,14.53,3.03,1.77,1.31,1.11,0.56,0.51,0.5,0.43,0.41,0.4,0.38,0.35,0.33,4.39
303,2022-10-31,16.61398320735323,8.05,1.68,0.98,0.73,0.61,0.31,0.28,0.28,0.24,0.22,0.22,0.21,0.19,0.18,2.43
304,2022-11-01,28.05316641209115,13.59,2.83,1.66,1.23,1.04,0.52,0.47,0.46,0.4,0.38,0.37,0.36,0.33,0.31,4.1
305,2022-11-02,16.96921874635892,8.22,1.71,1.0,0.74,0.63,0.32,0.29,0.28,0.24,0.23,0.23,0.22,0.2,0.19,2.48
306,2022-11-03,20.486844072648207,9.92,2.07,1.21,0.9,0.76,0.38,0.35,0.34,0.29,0.28,0.27,0.26,0.24,0.23,3.0
307,2022-11-04,27.80914741449185,13.47,2.81,1.64,1.22,1.03,0.52,0.47,0.46,0.4,0.38,0.37,0.35,0.32,0.31,4.07
308,2022-11-05,25.677576743122874,12.43,2.59,1.52,1.12,0.95,0.48,0.43,0.43,0.37,0.35,0.34,0.33,0.3,0.29,3.76
309,2022-11-06,28.633188472952202,13.87,2.89,1.69,1.25,1.06,0.53,0.48,0.47,0.41,0.39,0.38,0.36,0.33,0.32,4.19
310,2022-11-07,23.1710410736495,11.22,2.34,1.37,1.01,0.86,0.43,0.39,0.38,0.33,0.31,0.31,0.3,0.27,0.26,3.39
311,2022-11-08,24.758785194509326,11.99,2.5,1.46,1.08,0.92,0.46,0.42,0.41,0.35,0.33,0.33,0.32,0.29,0.28,3.62
312,2022-11-09,27.15208058367114,13.15,2.74,1.6,1.19,1.0,0.51,0.46,0.45,0.39,0.37,0.36,0.35,0.32,0.3,3.97
313,2022-11-10,31.375651880280845,15.19,3.17,1.85,1.37,1.16,0.58,0.53,0.52,0.45,0.42,0.42,0.4,0.37,0.35,4.59
314,2022-11-11,31.88894849128965,15.44,3.22,1.88,1.4,1.18,0.59,0.54,0.53,0.46,0.43,0.42,0.41,0.37,0.36,4.66
315,2022-11-12,21.670646109304887,10.49,2.19,1.28,0.95,0.8,0.4,0.37,0.36,0.31,0.29,0.29,0.28,0.25,0.24,3.17
316,2022-11-13,30.695320113446584,14.86,3.1,1.81,1.34,1.14,0.57,0.52,0.51,0.44,0.41,0.41,0.39,0.36,0.34,4.49
317,2022-11-14,18.408097972097046,8.91,1.86,1.09,0.81,0.68,0.34,0.31,0.3,0.26,0.25,0.24,0.23,0.21,0.2,2.69
318,2022-11-15,22.407036758429236,10.85,2.26,1.32,0.98,0.83,0.42,0.38,0.37,0.32,0.3,0.3,0.29,0.26,0.25,3.28
319,2022-11-16,30.270896784014642,14.66,3.06,1.79,1.32,1.12,0.56,0.51,0.5,0.43,0.41,0.4,0.39,0.35,0.34,4.43
320,2022-11-17,32.08066695440274,15.54,3.24,1.89,1.4,1.19,0.6,0.54,0.53,0.46,0.43,0.43,0.41,0.37,0.36,4.69
321,2022-11-18,26.59653608144974,12.88,2.69,1.57,1.16,0.98,0.5,0.45,0.44,0.38,0.36,0.35,0.34,0.31,0.3,3.89
322,2022-11-19,26.237997612571718,12.71,2.65,1.55,1.15,0.97,0.49,0.44,0.43,0.37,0.35,0.35,0.33,0.31,0.29,3.84
323,2022-11-20,31.32541051876961,15.17,3.16,1.85,1.37,1.16,0.58,0.53,0.52,0.45,0.42,0.42,0.4,0.36,0.35,4.58
324,2022-11-21,30.761484605609066,14.9,3.11,1.82,1.35,1.14,0.57,0.52,0.51,0.44,0.42,0.41,0.39,0.36,0.34,4.5
325,2022-11-22,32.99193042493755,15.98,3.33,1.95,1.44,1.22,0.62,0.56,0.55,0.47,0.45,0.44,0.42,0.38,0.37,4.83
326,2022-11-23,28.35693015549555,13.73,2.86,1.67,1.24,1.05,0.53,0.48,0.47,0.41,0.38,0.38,0.36,0.33,0.32,4.15
327,2022-11-24,25.26393222224932,12.23,2.55,1.49,1.11,0.93,0.47,0.43,0.42,0.36,0.34,0.34,0.32,0.29,0.28,3.69
328,2022-11-25,23.584244221624445,11.42,2.38,1.39,1.03,0.87,0.44,0.4,0.39,0.34,0.32,0.31,0.3,0.27,0.26,3.45
329,2022-11-26,17.70993750264779,8.58,1.79,1.05,0.77,0.66,0.33,0.3,0.29,0.25,0.24,0.24,0.23,0.21,0.2,2.59
330,2022-11-27,28.83812973736246,13.97,2.91,1.7,1.26,1.07,0.54,0.49,0.48,0.41,0.39,0.38,0.37,0.34,0.32,4.22
331,2022-11-28,20.786014914034688,10.07,2.1,1.23,0.91,0.77,0.39,0.35,0.34,0.3,0.28,0.28,0.26,0.24,0.23,3.04
332,2022-11-29,24.004937629363194,11.62,2.42,1.42,1.05,0.89,0.45,0.41,0.4,0.34,0.32,0.32,0.31,0.28,0.27,3.51
333,2022-11-30,23.03420059712413,11.15,2.33,1.36,1.01,0.85,0.43,0.39,0.38,0.33,0.31,0.31,0.29,0.27,0.26,3.37
334,2022-12-01,35.16548667249038,17.03,3.55,2.08,1.54,1.3,0.66,0.59,0.58,0.5,0.48,0.47,0.45,0.41,0.39,5.14
335,2022-12-02,32.827370537940716,15.9,3.32,1.94,1.44,1.21,0.61,0.55,0.54,0.47,0.44,0.44,0.42,0.38,0.37,4.8
336,2022-12-03,25.18415757122558,12.2,2.54,1.49,1.1,0.93,0.47,0.43,0.42,0.36,0.34,0.33,0.32,0.29,0.28,3.68
337,2022-12-04,25.136735745802152,12.17,2.54,1.48,1.1,0.93,0.47,0.42,0.42,0.36,0.34,0.33,0.32,0.29,0.28,3.68
338,2022-12-05,33.50650418225005,16.23,3.38,1.98,1.47,1.24,0.62,0.57,0.55,0.48,0.45,0.45,0.43,0.39,0.37,4.9
339,2022-12-06,18.72284066624842,9.07,1.89,1.11,0.82,0.69,0.35,0.32,0.31,0.27,0.25,0.25,0.24,0.22,0.21,2.74
340,2022-12-07,30.161642778668003,14.61,3.05,1.78,1.32,1.12,0.56,0.51,0.5,0.43,0.41,0.4,0.38,0.35,0.34,4.41
341,2022-12-08,22.80560389136371,11.04,2.3,1.35,1.0,0.84,0.43,0.39,0.38,0.33,0.31,0.3,0.29,0.27,0.25,3.34
342,2022-12-09,18.744111164329468,9.08,1.89,1.11,0.82,0.69,0.35,0.32,0.31,0.27,0.25,0.25,0.24,0.22,0.21,2.74
343,2022-12-10,19.26717487164615,9.33,1.95,1.14,0.84,0.71,0.36,0.33,0.32,0.28,0.26,0.26,0.25,0.22,0.21,2.82
344,2022-12-11,18.67853179256798,9.05,1.89,1.1,0.82,0.69,0.35,0.32,0.31,0.27,0.25,0.25,0.24,0.22,0.21,2.73
345,2022-12-12,30.609217706751824,14.82,3.09,1.81,1.34,1.13,0.57,0.52,0.51,0.44,0.41,0.41,0.39,0.36,0.34,4.48
346,2022-12-13,35.732603805308806,17.3,3.61,2.11,1.56,1.32,0.67,0.6,0.59,0.51,0.48,0.48,0.46,0.42,0.4,5.23
347,2022-12-14,36.07387636762112,17.47,3.64,2.13,1.58,1.34,0.67,0.61,0.6,0.52,0.49,0.48,0.46,0.42,0.4,5.28
348,2022-12-15,23.896346841385263,11.57,2.41,1.41,1.05,0.88,0.45,0.4,0.4,0.34,0.32,0.32,0.3,0.28,0.27,3.49
349,2022-12-16,29.982542666618578,14.52,3.03,1.77,1.31,1.11,0.56,0.51,0.5,0.43,0.41,0.4,0.38,0.35,0.33,4.38
350,2022-12-17,26.0210258067128,12.6,2.63,1.54,1.14,0.96,0.49,0.44,0.43,0.37,0.35,0.35,0.33,0.3,0.29,3.81
351,2022-12-18,33.162732068557474,16.06,3.35,1.96,1.45,1.23,0.62,0.56,0.55,0.47,0.45,0.44,0.42,0.39,0.37,4.85
352,2022-12-19,21.225579523165063,10.28,2.14,1.25,0.93,0.79,0.4,0.36,0.35,0.3,0.29,0.28,0.27,0.25,0.24,3.1
353,2022-12-20,25.277846654293302,12.24,2.55,1.49,1.11,0.94,0.47,0.43,0.42,0.36,0.34,0.34,0.32,0.29,0.28,3.7
354,2022-12-21,36.641449763306625,17.74,3.7,2.16,1.6,1.36,0.68,0.62,0.61,0.52,0.5,0.49,0.47,0.43,0.41,5.36
355,2022-12-22,19.294590414872577,9.34,1.95,1.14,0.84,0.71,0.36,0.33,0.32,0.28,0.26,0.26,0.25,0.22,0.21,2.82
356,2022-12-23,27.49183921972634,13.31,2.78,1.62,1.2,1.02,0.51,0.46,0.46,0.39,0.37,0.37,0.35,0.32,0.31,4.02
357,2022-12-24,22.954582781177677,11.12,2.32,1.35,1.0,0.85,0.43,0.39,0.38,0.33,0.31,0.31,0.29,0.27,0.26,3.36
358,2022-12-25,20.622187983243766,9.99,2.08,1.22,0.9,0.76,0.38,0.35,0.34,0.29,0.28,0.27,0.26,0.24,0.23,3.02
359,2022-12-26,31.190967369838425,15.1,3.15,1.84,1.36,1.15,0.58,0.53,0.52,0.45,0.42,0.41,0.4,0.36,0.35,4.56
360,2022-12-27,25.83727822561839,12.51,2.61,1.52,1.13,0.96,0.48,0.44,0.43,0.37,0.35,0.34,0.33,0.3,0.29,3.78
361,2022-12-28,22.40592739555703,10.85,2.26,1.32,0.98,0.83,0.42,0.38,0.37,0.32,0.3,0.3,0.29,0.26,0.25,3.28
362,2022-12-29,35.838361168518624,17.36,3.62,2.12,1.57,1.33,0.67,0.61,0.59,0.51,0.48,0.48,0.46,0.42,0.4,5.24
363,2022-12-30,30.399850522680616,14.72,3.07,1.79,1.33,1.13,0.57,0.51,0.5,0.43,0.41,0.4,0.39,0.35,0.34,4.45
364,2022-12-31,20.141033840512936,9.75,2.03,1.19,0.88,0.75,0.38,0.34,0.33,0.29,0.27,0.27,0.26,0.23,0.22,2.95
